rank,name_cn,location
1,麻省理工学院,United States
2,剑桥大学,United Kingdom
3,牛津大学,United Kingdom
4,哈佛大学,United States
5,斯坦福大学,United States
6,帝国理工学院,United Kingdom
7,苏黎世联邦理工大学（瑞士联邦理工学院）,Switzerland
8,新加坡国立大学,Singapore
9,伦敦大学学院,United Kingdom
10,加州大学伯克利分校,United States
11,芝加哥大学,United States
12,宾夕法尼亚大学,United States
13,康奈尔大学,United States
14,墨尔本大学,Australia
15,加州理工大学（Caltech),United States
16,耶鲁大学,United States
17,北京大学,China (Mainland)
17,普林斯顿大学,United States
19,新南威尔士大学（UNSW）,Australia
19,悉尼大学,Australia
21,多伦多大学,Canada
22,爱丁堡大学,United Kingdom
23,哥伦比亚大学,United States
24, 巴黎科学艺术人文大学,France
25,清华大学,China (Mainland)
26,南洋理工大学,Singapore
26,香港大学（HKU）,Hong Kong SAR
28,约翰霍普金斯大学,United States
28,东京大学,Japan
29,加州大学洛杉矶分校,United States
30,麦吉尔大学,Canada
32,曼彻斯特大学,United Kingdom
33,密歇根大学,United States
34,澳大利亚国立大学（ANU),Australia
34,不列颠哥伦比亚大学,Canada
36,洛桑联邦理工学院（EPFL),Switzerland
37,慕尼黑工业大学,Germany
38,巴黎理工学院,France
38,纽约大学（NYU）,United States
40,伦敦国王学院,United Kingdom
41,首尔国立大学,South Korea
42,蒙纳士大学,Australia
43,昆士兰大学（UQ）,Australia
44,浙江大学,China (Mainland)
45,伦敦经济政治学院,United Kingdom
46,京都大学,Japan
47,代尔夫特理工大学,Netherlands
47,西北大学,United States
47,香港中文大学,Hong Kong SAR
50,复旦大学,China (Mainland)
51,上海交通大学,China (Mainland)
52,卡内基梅隆大学,United States
53,阿姆斯特丹大学,Netherlands
54,路德维希 - 马克西米利安 - 慕尼黑大学,Germany
55,布里斯托大学,United Kingdom
56,韩国科学技术研究所,South Korea
57,杜克大学,United States
58,德克萨斯大学奥斯汀分校,United States
59,索邦大学,France
60,香港科技大学（HKUST),Hong Kong SAR
61,鲁汶大学,Belgium
62,加州大学圣地亚哥分校,United States
63,华盛顿大学,United States
64,伊利诺伊大学香槟分校,United States
65,香港理工大学,Hong Kong SAR
65,马来亚大学（UM）,Malaysia
67,华威大学,United Kingdom
68,奥克兰大学,New Zealand
69,台湾大学,Taiwan
70,香港城市大学,Hong Kong SAR
71,巴黎萨克雷大学,France
72,西澳大学（UWA）,Australia
73,布朗大学,United States
73,皇家理工学院,Sweden
75,利兹大学,United Kingdom
76,格拉斯哥大学,United Kingdom
76,延世大学,South Korea
78,杜伦大学,United Kingdom
79,高丽大学,South Korea
80,大阪大学,Japan
81,都柏林三一学院,Ireland
81,南安普敦大学,United Kingdom
83,宾夕法尼亚州立大学,United States
84,伯明翰大学,United Kingdom
85,隆德大学,Sweden
85,圣保罗大学,Brazil
87,罗蒙诺索夫莫斯科国立大学,Russia
87,鲁普莱希特-卡尔斯-海德堡大学,Germany
89,阿德莱德大学,Australia
90,悉尼科技大学（UTS）,Australia
91,东京工业大学,Japan
91,苏黎世大学,Switzerland
93,波士顿大学,United States
93,墨西哥国立自治大学,Mexico
95,布宜诺斯艾利斯大学,Argentina
95,圣安德鲁斯大学,United Kingdom
97,乔治亚理工学院(Georgia Tech),United States
98,柏林自由大学,Germany
99,普渡大学,United States
100,浦项科技大学,South Korea
100,诺丁汉大学,United Kingdom
102,威斯康星大学麦迪逊分校,United States
103,智利天主教大学,Chile
104,谢菲尔德大学,United Kingdom
105,乌普萨拉大学,Sweden
106,亚琛工业大学,Germany
107,哥本哈根大学,Denmark
107,乌得勒支大学,Netherlands
109,阿尔托大学,Finland
110,纽卡斯尔大学,United Kingdom
111,阿尔伯塔大学,Canada
112,滑铁卢大学,Canada
113,东北大学,Japan
114,韦仕敦大学（西安大略大学）,Canada
115,赫尔辛基大学,Finland
116,南加州大学,United States
117,奥斯陆大学,Norway
118,斯德哥尔摩大学,Sweden
118,加州大学戴维斯分校,United States
119,卡尔斯鲁厄理工学院,Germany
120,柏林洪堡大学,Germany
121,丹麦技术大学,Denmark
122,兰卡斯特大学,United Kingdom
123,,Italy
124,米兰理工大学,Netherlands
124,埃因霍芬理工大学,Switzerland
126,巴塞尔大学,Netherlands
126,莱顿大学,Switzerland
128,伯尔尼大学,Switzerland
129,日内瓦大学,Sweden
130,查尔姆斯理工大学,Australia
130,麦考瑞大学,Austria
132,维也纳大学,United States
134,北卡罗来纳大学教堂山,Italy
134,萨皮恩扎 - 罗马大学,United States
136,德州农工大学,United States
137,密歇根州立大学,Malaysia
137,马来西亚理科大学（USM）,China (Mainland)
139,中国科学技术大学,Netherlands
140,格罗宁根大学,Australia
141,皇家墨尔本理工大学,China (Mainland)
141,南京大学,Canada
143,蒙特利尔大学,Denmark
143,奥胡斯大学,Saudi Arabia
145,阿卜杜勒·阿齐兹国王大学（KAU）,United Kingdom
145,伦敦大学皇后玛丽学院（QMUL）,United States
145,赖斯大学,South Korea
148,成均馆大学,United Kingdom
149,巴斯大学,India
149,印度理工学院孟买分校,Spain
151,巴塞罗那自治大学,United States
151,俄亥俄州立大学,Netherlands
153,瓦赫宁根大学,United Kingdom
154,埃克塞特大学,Italy
154,博洛尼亚大学,United Kingdom
154,卡迪夫大学,Germany
154,柏林工业大学,United States
158,华盛顿大学在圣路易斯,Malaysia
159,马来西亚博特拉大学（UPM）,Belgium
159,根特大学,Chile
159,智利大学,Malaysia
162,马来西亚国民大学（UKM）,Australia
163,伍伦贡大学,United States
164,加州大学圣芭芭拉分校,South Korea
164,汉阳大学,Japan
164,九州大学,Spain
166,巴塞罗那大学,United States
167,埃默里大学,United Kingdom
168,约克大学,United States
169,佛罗里达大学,United States
169,马里兰大学，学院公园,United Kingdom
171,雷丁大学,Spain
171,马德里康普顿斯大学（UCM）,Ireland
173,都柏林大学,Qatar
173,卡塔尔大学,Australia
173,纽卡斯尔大学,South Africa
176,开普敦大学,Netherlands
176,鹿特丹伊拉斯谟大学,Japan
176,名古屋大学,United Kingdom
179,利物浦大学,United States
180,亚利桑那州立大学,Saudi Arabia
180,法赫德法国石油和矿物大学（KFUPM）,Belgium
182,法语天主教鲁汶大学,Canada
183,卡尔加里大学,Australia
184,科廷大学,Austria
184,维也纳技术大学,Mexico
184,蒙特雷科技大学,France
187,里昂高等师范学院,Sweden
188,哥德堡大学,Malaysia
189,马来西亚工艺大学（UTM）,Canada
189,麦克马斯特大学,Australia
189,昆士兰科技大学（QUT）,Belgium
192,布鲁塞尔自由大学,Germany
192,弗莱堡大学,France
194,国立路桥学校,China (Mainland)
195,武汉大学,United States
196,明尼苏达大学,Japan
197,北海道大学,India
198,印度理工学院德里分校,Colombia
199,洛斯安第斯哥伦比亚大学,Spain
199,马德里自治大学,Japan
202,早稻田大学,United Kingdom
203,贝尔法斯特女王大学,Saudi Arabia
203,沙特国王大学（KSU）,Canada
205,渥太华大学,Germany
206,汉堡大学,New Zealand
207,奥塔哥大学,Netherlands
208,阿姆斯特丹自由大学,United Kingdom
209,阿伯丁大学,Canada
210,女王大学,Netherlands
211,特温特大学,Thailand
212,朱拉隆功大学,United Kingdom
213,拉夫堡大学,Germany
214,蒂宾根大学,Japan
215,庆应义塾大学,Israel
216,特拉维夫大学,China (Mainland)
217,同济大学,Taiwan
218,国立阳明交通大学,United Kingdom
219,苏塞克斯大学,Italy
220,帕多瓦大学（UNIPD）,Brazil
220,金边大学,Switzerland
222,洛桑大学,Netherlands
222,雷德布德大学奈梅亨,United States
224,匹兹堡大学,United States
225,罗切斯特大学,India
226,印度科学研究所班加罗尔,Lebanon
226,贝鲁特美国大学（AUB）,Colombia
228,哥伦比亚国立大学,Taiwan
229,国立成功大学,Germany
230,埃尔朗根-纽伦堡大学,Kazakhstan
230,哈拉克国立大学,United Arab Emirates
232,哈利法大学,Germany
233,乔治奥古斯特哥廷根大学,Australia
233,迪肯大学,Taiwan
235,国立清华大学,United Kingdom
236,赫里瓦特大学,France
237,巴黎大学,United States
237,达特茅斯学院,Indonesia
239,印度尼西亚大学,New Zealand
239,梅西大学,Germany
241,波恩大学,New Zealand
242,惠灵顿维多利亚大学,Australia
243,乐卓博大学,Australia
244,格里菲斯大学,United Kingdom
245,萨里大学,United States
246,马萨诸塞大学，阿默斯特,Germany
246,达姆施塔特技术大学,Germany
248,德累斯顿工业大学,Czech Republic
248,布拉格查理大学,Belgium
250,安特卫普大学,New Zealand
251,怀卡托大学,Israel
252,希伯来大学,Italy
253,都灵理工大学,Portugal
254,波尔图大学,Macau SAR
255,澳门大学,United States
256,凯斯西储大学,China (Mainland)
256,哈尔滨工业大学,Netherlands
256,马斯特里赫特大学,New Zealand
259,坎特伯雷大学,Belgium
260,布鲁塞尔大学,United States
261,弗吉尼亚大学,United States
262,范德比尔特大学,Poland
263,华沙大学,Indonesia
264,加札马达大学,United States
264,科罗拉多大学博尔德分校,South Africa
266,威特沃特斯兰德大学,South Korea
266,蔚山国立科学技术院,Portugal
268,里斯本大学,Sweden
268,林雪平大学,United States
268,加州大学欧文分校,Germany
271,科隆大学,India
272,印度理工学院克勒格布尔分校,China (Mainland)
272,北京师范大学,United Kingdom
274,莱斯特大学,United States
275,,China (Mainland)
276,北卡罗来纳州立大学,Italy
276,华中科技大学,United Kingdom
278,米兰大学,India
278,思克莱德大学,United States
280,,Spain
281,印度理工学院坎普尔分校,Indonesia
281,迈阿密大学,Norway
283,纳瓦拉大学,South Africa
284,万隆理工学院,Malaysia
285,卑尔根大学,India
285,斯泰伦博斯大学,Australia
285,泰莱大学,United States
285,印度理工学院马德拉斯分校,China (Mainland)
289,斯温本科技大学,Ireland
290,亚利桑那大学,United Arab Emirates
291,天津大学,China (Mainland)
292,爱尔兰国立高威大学,Norway
292,阿联酋大学,Ireland
294,西安交通大学,France
295,挪威科技大学,Hong Kong SAR
295,考克大学,United Kingdom
297,格勒诺布尔阿尔卑斯大学（UGA）,United States
298,香港浸会大学,Canada
299,东英吉利大学（UEA）,United States
300,乔治城大学,Malaysia
301,戴尔豪斯大学,China (Mainland)
302,罗格斯大学 - 新泽西州立大学新不伦瑞克分校,Germany
302,UCSI大学,United States
304,南方科技大学,Poland
304,法兰克福大学,United States
306,弗吉尼亚理工学院（Virginia Tech）,South Africa
307,雅盖隆大学,South Korea
307,圣母大学,United Kingdom
307,约翰内斯堡大学,Malaysia
307,大邱庆北科学技术院 (DGIST),Australia
310,斯旺西大学,Qatar
310,国油大学（Petronas）,Spain
312,斯马尼亚大学,Germany
313,Hamad bin Khalifa University,United States
313,庞培法布拉大学,Finland
315,斯图加特大学,Pakistan
315,印第安纳大学伯明顿分校,Russia
315,奥卢大学,Finland
318,奎德阿萨姆大学,Canada
319,圣彼得堡国立大学,Russia
319,图尔库大学,France
319,西蒙弗雷泽大学,Spain
322,鲍曼莫斯科国立技术大学,Canada
323,巴黎政治学院,China (Mainland)
323,马德里大学卡洛斯三世大学,United States
323,维多利亚大学,South Africa
326,中山大学,Australia
326,伊利诺伊大学芝加哥分校,Denmark
328,比勒陀利亚大学,United Kingdom
328,南澳大学（UniSA）,South Korea
328,丹麦南部大学,Switzerland
328,伦敦大学城市学院,France
332,,South Korea
332,光州科技学院（GIST）,United States
334,提契诺大学,"Iran, Islamic Republic of"
335,巴黎第一大学,Italy
336,庆熙大学,Denmark
336,加州大学圣克鲁兹分校,Turkey
336,谢里夫理工大学,Peru
336,那不勒斯腓特烈二世大学,United Kingdom
340,奥尔堡大学,China (Mainland)
340,中东技术大学,United States
342,秘鲁天主大学,Russia
343,肯特大学,United Kingdom
344,北京理工大学,Portugal
345,乔治华盛顿大学,Indonesia
345,俄罗斯人民友谊大学,Canada
347,布鲁内尔大学,Greece
347,阿威罗大学,Colombia
349,艾尔朗加大学,Spain
349,萨斯喀彻温大学,Italy
351,雅典国立科技大学,Finland
351,哈韦里亚纳主教大学,Portugal
353,马德里理工大学,Canada
354,比萨大学,Spain
355,拉彭兰塔理工大学,Kazakhstan
355,科英布拉大学,China (Mainland)
355,约克大学,Japan
358,加泰罗尼亚理工大学,Italy
358,国立欧亚大学 (ENU) ,Estonia
360,四川大学,China (Mainland)
360,筑波大学,"Iran, Islamic Republic of"
362,佛罗伦萨大学,New Zealand
362,塔尔图大学,Austria
364,山东大学,United Arab Emirates
364,德黑兰大学,India
364,林肯大学,Italy
367,因斯布鲁克大学,Pakistan
368,美国沙迦大学,Cyprus
369,印度理工学院古瓦哈提分校,India
369,都灵大学（UNITO）,United States
371,国立科技大学（NUST）伊斯兰堡,Egypt
371,塞浦路斯大学,Netherlands
371,印度理工学院鲁尔基分校,Brazil
374,耶什华大学,United Kingdom
375,开罗大学,"Iran, Islamic Republic of"
375,蒂尔堡大学,United States
375,里约热内卢联邦大学,Germany
375,伦敦的伯克贝克学院，大学,Australia
379,阿米尔卡比尔技术大学,United States
380,东北大学,Australia
381,鲁尔大学波鸿,Luxembourg
382,西悉尼大学,Thailand
382,塔夫茨大学,France
384,佛林德斯大学,China (Mainland)
384,卢森堡大学,Germany
386,玛希隆大学,United States
387,蒙彼利埃大学,France
387,南开大学,Belarus
387,威廉姆斯大学明斯特,Canada
387,夏威夷大学马诺亚分校,Taiwan
387,马赛大学,Brunei
392,白俄罗斯州立大学,France
392,康考迪亚大学,China (Mainland)
392,台湾科技大学,Israel
392,文莱达鲁萨兰国大学,China (Mainland)
396,国立科学院院校里昂（INSA）,Germany
396,华南理工大学,Russia
396,以色列理工学院,United States
399,厦门大学,Russia
400,吉森大学,United States
400,喀山联邦大学,Czech Republic
400,石溪大学,Portugal
403,俄罗斯国家研究型高等经济大学（HSE）,Spain
404,爱荷华州立大学,Turkey
404,马萨里克大学,United States
404,新里斯本大学,Philippines
407,格拉纳达大学,New Zealand
407,伊斯坦布尔理工大学,India
409,加州大学河滨分校,United States
410,菲律宾大学,Chile
410,奥克兰理工大学,United States
410,德里大学,Australia
413,科罗拉多州立大学,United Kingdom
413,智利圣地亚哥大学,United Kingdom
415,堪萨斯大学,Australia
415,南昆士兰大学,Russia
415,牛津布鲁克斯大学,Egypt
418,伦敦皇家霍洛威大学,Russia
419,詹姆斯库克大学（JCU）,Brazil
419,物理莫斯科与技术研究所州立大学,United States
421,开罗美国大学,Austria
421,托木斯克州立大学,Russia
421,圣保罗州立大学,Australia
421,华盛顿州立大学,Belgium
421,格拉茨大学,France
426,新西伯利亚州立大学,Ireland
427,堪培拉大学,India
428,列日大学,Spain
429,斯特拉斯堡大学,Singapore
429,利默里克大学,Italy
431,安娜大学,Turkey
431,IE大学,Australia
431,Singapore University of Technology and Design,Taiwan
431,特伦托大学,Taiwan
431,科什大学,United Kingdom
436,默多克大学,Ireland
436,国立台北理工大学,South Korea
436,台湾师范大学,Finland
436,斯特灵大学,China (Mainland)
436,都柏林城市大学,Switzerland
440,世宗大学,Germany
441,坦佩雷大学,United Kingdom
441,北京科技大学,United States
441,圣加仑大学（HSG）,Canada
444,维多利亚州立大学,Greece
444,邓迪大学,United States
446,,United Kingdom
446,犹他大学,Austria
446,拉瓦尔大学,United States
446,雅典大学,Japan
446,康涅狄格大学,Finland
451,阿斯顿大学,"Iran, Islamic Republic of"
452,林茨大学,China (Mainland)
452,田纳西大学,France
454,丰田技术学院,Czech Republic
454,于韦斯屈莱大学,India
454,科学技术大学伊朗,China (Mainland)
454,中南大学,Oman
454,里昂第一大学,Germany
459,捷克技术大学在布拉格,United Kingdom
460,印度理工学院印多尔校区,Germany
461,东南大学,United States
461,苏丹卡布斯大学,Russia
461,曼海姆大学,Germany
464,埃克塞斯大学,Germany
465,波茨坦大学,United States
465,佛罗里达州立大学,Sweden
465,国立核研究院“MEPhI”,France
465,耶拿大学,United Arab Emirates
469,美因茨大学,Israel
469,科罗拉多矿业学院,United States
469,乌梅大学,Italy
472,波尔多大学,Japan
473,沙迦大学,China (Mainland)
473,本·古里安大学,Russia
473,伊利诺伊理工大学,Lithuania
476,,Japan
476,帕维亚大学,Spain
478,广岛大学,Germany
479,北京航空航天大学,Germany
480,乌拉尔联邦大学,United States
481,,Italy
481,维尔纽斯大学,United Kingdom
481,神户大学,Japan
481,瓦伦西亚政治大学,Germany
481,康斯坦茨大学,Kazakhstan
485,莱比锡大学,Spain
486,密苏里科技大学,China (Mainland)
486,米兰 - 比卡卡大学,Canada
489,班戈大学,Indonesia
489,一桥大学,Italy
491,汉诺威大学,China (Mainland)
491,哈萨克斯坦国家技术大学,United States
491,瓦伦西亚大学,United States
494,电子科技大学,South Korea
494,圭尔夫大学,China (Mainland)
494,茂物农业大学,United States
494,罗马第二大学,Spain
498,大连理工大学,South Korea
498,纽约州立大学布法罗分校,United Kingdom
498,University of Iowa,United States
498,中央大学,Jordan
502,湖南大学,Turkey
502,伦斯勒理工学院,China (Mainland)
502,塞维利亚大学,United Kingdom
505,梨花女子大学,Macau SAR
505,阿尔斯特大学,Taiwan
505,特拉华大学,United States
505,约旦大学,Italy
509,毕尔坎特大学,South Korea
509,吉林大学,Germany
511,朴茨茅斯大学,China (Mainland)
511,澳门科技大学,United Kingdom
511,国立中山大学,France
514,俄勒冈州立大学,Turkey
514,意大利天主教圣心大学,Vietnam
514,西江大学,Argentina
514,拜罗伊特大学,China (Mainland)
514,华东师范大学,United States
514,SOAS伦敦大学东方与非洲研究学院,Germany
520,图卢兹第三大学,South Korea
520,Bogaziçi大学,Argentina
520,维新大学,United States
523,阿根廷天主教大学（UCA）,Spain
523,上海大学,United Kingdom
525,佐治亚大学,Brunei
526,不来梅大学,Russia
526,庆北国立大学,Turkey
526,奥斯特拉尔大学,India
529,德克萨斯大学达拉斯分校,Australia
530,萨拉戈萨大学,Greece
530,赫尔大学,Germany
530,文莱理工大学,Argentina
530,莫斯科国际关系研究所,Italy
534,萨班斯大学,China (Mainland)
534,马德拉斯大学,Russia
534,埃迪斯科文大学,Greece
534,亚里士多德大学,Spain
538,基尔大学（德国）,Spain
538,巴勒莫大学,Malaysia
540,热那亚大学,Pakistan
540,中国农业大学,Argentina
542,圣彼得堡国立政治大学,Russia
542,克里特大学,Germany
544,萨拉曼卡大学,Costa Rica
545,阿尔卡拉大学,Israel
545,马来西亚北方大学,United States
545,拉合尔管理科学大学（LUMS）,Singapore
548,拉普拉塔国立大学,United States
548,ITMO大学,United Kingdom
548,乌尔姆大学,Finland
551,哥斯达黎加大学,United Arab Emirates
551,巴伊兰大学,United Arab Emirates
551,纽约市立大学,Belgium
551,新加坡管理大学,United States
555,理海大学,Malaysia
556,诺森比亚大学,United States
556,东芬兰大学,Malaysia
556,阿治曼科技大学,Italy
556,迪拜的加拿大大学,China (Mainland)
556,哈瑟尔特大学,Czech Republic
561,内布拉斯加大学,China (Mainland)
561,玛拉工艺大学,United Kingdom
563,佛罗里达国际大学,Philippines
563,英迪国际大学,United States
563,巴里理工大学,Switzerland
567,中国人民大学,Australia
567,布拉格化学技术研究所,Taiwan
567,重庆大学,Chile
567,普利茅斯大学,United Kingdom
571,马尼拉雅典耀大学,Thailand
571,南佛罗里达大学,United Kingdom
571,弗里堡大学 ,India
571,邦德大学,Poland
575,国立政治大学,South Korea
575,阿道夫·伊瓦涅斯大学,United States
577,哈德斯菲尔德大学,Lebanon
577,清迈大学,Taiwan
577,考文垂大学,Norway
580,技术学院（BHU）- 瓦拉纳西,United Arab Emirates
580,华沙工业大学,Austria
582,韩国外国语大学,Bahrain
582,南卡罗来纳大学,Venezuela
582,黎巴嫩大学,Spain
586,台北医科大学,Russia
586,特罗姆瑟大学,Malaysia
586,阿布扎比大学,United States
590,阿尔卑斯 - 亚德里亚安大学克拉根福,Australia
590,巴林应用科学大学,United Kingdom
590,安德鲁贝罗天主大学,Saudi Arabia
593,科米利亚斯主教大学,United Kingdom
593,托木斯克理工大学,United States
595,双威大学,Saudi Arabia
595,,United Kingdom
595,密苏里大学,Brazil
595,中央昆士兰大学,China (Mainland)
595,曼彻斯特城市大学,Italy
600,王子穆罕默德本法赫德大学,China (Mainland)
600,伦敦大学金史密斯学院,Thailand
600,中佛罗里达大学,United States
600,达曼大学,Germany
601,诺丁汉特伦特大学,Finland
601,里约热内卢天主大学,United Arab Emirates
601,深圳大学,Australia
601,维多利亚大学圣拉斐尔大学,United States
601,南京理工大学,India
601,泰国法政大学,United Kingdom
601,杜兰大学,Saudi Arabia
601,萨尔大学,Chile
601,阿科美大学,Hungary
611,迪拜美国大学,United Arab Emirates
611,查尔斯达尔文大学,Kazakhstan
611,德雷塞尔大学,Czech Republic
611,尼赫鲁大学,Germany
611,金斯顿大学,Taiwan
611,乌尔库拉大学（UQU）,South Korea
611,德翁大学,Japan
611,塞格德大学,Portugal
621,艾因科技大学,Malaysia
621,南哈萨克斯坦国立大学（SKSU）,Taiwan
621,布尔诺工业大学,Indonesia
621,哈勒-维滕贝格大学,Malaysia
621,国立中央大学,China (Mainland)
621,釜山国立大学,United States
621,东京医科齿科大学,Spain
621,米尼奥大学,South Africa
621,亚太科技大学 (APU),Slovenia
621,长庚大学,Spain
621,泗水理工学院,China (Mainland)
631,管理与科学大学,South Korea
631,西北工业大学,United States
631,史蒂文生理工学院,China (Mainland)
631,拉曼·鲁尔大学,Czech Republic
631,夸祖鲁-纳塔尔大学,Japan
631,卢布尔雅那大学,Lebanon
631,维斯大学大学,Venezuela
631,郑州大学,United States
631,亚洲大学,France
641,波士顿学院,Russia
641,暨南大学,Italy
641,帕拉茨基大学奥洛穆茨,Kazakhstan
641,立命馆大学,Hong Kong SAR
641,圣约瑟夫德贝鲁特大学,Canada
641,委内瑞拉中央大学（UCV）,United States
641,新墨西哥大学,Pakistan
641,里尔大学,United States
641,远东联邦大学,Cuba
641,博尔扎诺自由大学,United Kingdom
641,哈萨克斯坦国家农业大学,United States
641,岭南大学（香港）,Italy
641,纽芬兰纪念大学,United States
641,新泽西理工学院（NJIT）,Canada
651,巴基斯坦工程与应用科学研究所（PIEAS）,Pakistan
651,新学院大学,Mexico
651,哈瓦那大学,Australia
651,布拉德福德大学,Estonia
651,休斯敦大学,Uruguay
651,艾米利亚大学,Israel
651,俄克拉荷马大学,Germany
661,温莎大学,United Kingdom
661,COMSATS信息技术研究所,United States
661,墨西哥自治大学（ITAM）,Italy
661,南十字大学,Lebanon
661,塔林理工大学,Austria
661,蒙得维的亚大学,Lebanon
661,海法大学,United Kingdom
661,霍恩海姆大学,Taiwan
661,阿伯斯威大学,Saudi Arabia
661,布兰迪斯大学,Japan
661,威尼斯大学,Mexico
661,卡斯里克的圣灵大学,Indonesia
661,格拉茨大学,Spain
661,黎巴嫩美国大学,Italy
671,米德塞斯大学,Kuwait
671,国立中兴大学,Canada
671,诺拉·宾特·阿卜杜勒拉曼公主大学,South Korea
671,东京科技大学,Hungary
671,泛美大学（UP）,United Kingdom
671,巴查查兰大学,Canada
681,罗维拉-威尔吉利大学,Kazakhstan
681,佩鲁贾大学,Mexico
681,中东美国大学,Philippines
681,卡尔顿大学,China (Mainland)
681,东国大学,Austria
681,德布勒森大学,Chile
681,格林威治大学,"Iran, Islamic Republic of"
681,曼尼托巴大学,China (Mainland)
681,哈萨克斯坦国家教育大学,Ukraine
681,墨西哥学院,Russia
681,德拉萨大学,United States
691,华东理工大学,India
691,帕丽斯·洛德伦萨尔茨堡大学,South Korea
691,瓦尔帕莱索天主教大学,Mexico
691,设拉子大学,Brazil
691,苏州大学,Brazil
691,基辅舍夫琴科基辅共和国国立大学,United States
691,国立科技大学“MISIS”,Bangladesh
691,肯塔基大学,Belgium
691,印度理工学院海得拉巴,Italy
691,仁荷大学,Ukraine
701,伊比利亚美洲大学,Russia
701,米纳斯吉拉斯联邦大学,Japan
701,联邦大学里约热内卢大学,Czech Republic
701,辛辛那提大学,Hungary
701,达卡大学,Colombia
701,蒙斯大学,Spain
701,的里雅斯特大学,United States
701,V.N.卡拉津哈尔科夫国立大学,United Arab Emirates
711,阿尔泰州立大学,Lebanon
711,千叶大学,China (Mainland)
711,捷克生命科学大学,Malaysia
711,匈牙利罗兰大学,Turkey
711,德安蒂奥基亚大学,India
711,孔波斯特拉大学,Colombia
711,维克森林大学,United States
711,扎耶德大学,Canada
711,贝鲁特阿拉伯大学,United Kingdom
711,中国石油大学（北京）,France
711,马来西亚国际伊斯兰大学（IIUM）,Australia
721,伊斯坦布尔大学,Egypt
721,浦那大学,China (Mainland)
721,罗萨里奥大学,South Korea
721,马里兰大学，巴尔的摩县,Japan
721,新不伦瑞克大学,United States
721,威斯敏斯特大学,Vietnam
721,雷恩第一大学,Italy
721,维多利亚大学,Serbia
721,艾因·沙姆斯大学,United States
721,北京化工大学,United States
721,全北国立大学,France
721,Osaka Metropolitan University,France
731,天普大学,Poland
731,孙德胜大学,Saudi Arabia
731,马尔凯理工大学,United Kingdom
731,贝尔格莱德大学,India
731,科罗拉多大学丹佛分校,Jordan
731,俄勒冈大学,Ukraine
731,蔚蓝海岸大学,Colombia
731,洛林大学,Brazil
731,波兹南密茨凯维奇大学,Italy
741,阿尔法萨尔大学,Hungary
741,伯恩茅斯大学,Mexico
741,印度理工学院布巴内斯瓦尔分校,India
741,约旦科技大学,Bulgaria
741,乌克兰国立技术大学“基辅理工学院”,United States
741,EAFIT大学,Pakistan
741,圣保罗联邦大学（UNIFESP）,Italy
741,锡耶纳大学,Pakistan
741,布达佩斯理工大学,United Kingdom
741,民族工业学院(IPN),Germany
751,贾达福布尔大学,Bahrain
751,索非亚大学“圣克拉门特奥尔希斯基”,Portugal
751,Swarthmore College,Thailand
751,费萨拉巴德农业大学,United Kingdom
751,巴里大学,Latvia
751,旁遮普大学,Germany
751,英国西部大学,Colombia
751,雷根斯堡大学,India
751,阿利亚大学,South Korea
751,ISCTE-IUL,Croatia
751,泰国农业大学,Canada
751,利物浦约翰·穆尔斯大学,United States
761,里加技术大学,Turkey
761,布伦瑞克工业大学,Saudi Arabia
761,哥伦比亚大学,Germany
761,孟买大学,Argentina
761,蔚山大学,Malaysia
761,萨格勒布大学,Germany
761,魁北克大学,United States
771,韦恩州立大学,India
771,哈西德佩大学,Slovakia
771,哈立德国王大学,United States
771,菲利普斯大学马堡,Russia
771,贝尔格拉诺大学,India
771,国家能源大学,Mexico
771,罗斯托克大学,Uruguay
771,弗吉尼亚联邦大学,United States
771,昌迪加尔大学,United Kingdom
771,科米诺斯大学在布拉迪斯拉发,Germany
771,罗格斯堡 - 新泽西州立大学纽瓦克,France
781,塞维诺夫第一莫斯科国立医科大学,China (Mainland)
781,舒利尼生物技术和管理大学,United Kingdom
781,阿纳瓦克大学,Kazakhstan
781,乌拉圭大学,China (Mainland)
781,奥尔巴尼纽约州立大学,India
781,布莱顿大学,United States
781,杜伊斯堡-埃森大学,South Korea
781,南特大学,Malaysia
781,中国矿业大学,United States
781,基尔大学,Canada
791,艾哈迈德亚萨威大学,United States
791,南京农业大学,United States
791,国立理工学院Tiruchirappalli,Indonesia
791,雪城大学,Argentina
791,韩国加图立大学,China (Mainland)
791,马来西亚彭亨大学,Russia
791,阿拉斯加大学费尔班克斯分校,Colombia
791,University of Northern British Columbia,Italy
791,美利坚大学,Pakistan
791,克拉克森大学,Greece
801,蒂波尼格罗大学,Jordan
801,布宜诺斯艾利斯理工学院,Kazakhstan
801,兰州大学,United States
801,普列汉诺夫俄罗斯经济大学,Australia
801,拉萨瓦纳大学,Romania
801,布雷西亚大学,Bangladesh
801,拉合尔工程技术大学,China (Mainland)
801,帕特雷大学,Belarus
801,阿尔阿里亚安曼大学,Australia
801,阿拉木图理工大学,China (Mainland)
801,奥本大学,United States
801,澳洲天主大学,United Kingdom
801,宝贝博爱大学,United Kingdom
801,孟加拉国工程技术大学,Russia
801,北京工业大学,Georgia
801,白俄罗斯国立技术大学,Saudi Arabia
801,查尔斯·斯坦特大学,Kazakhstan
801,中国地质大学,Lithuania
801,克拉克大学,South Korea
801,德蒙福特大学,United States
801,爱丁堡纳皮尔大学,Ireland
801,伊曼纽埃尔·卡特波罗的海联邦大学,Japan
801,伊瓜恩Javakhishvili第比利斯州立大学,China (Mainland)
801,贾佛大学,South Africa
801,卡拉甘达国立技术大学,Poland
801,考纳斯理工大学,Japan
801,建国大学,United States
801,路易斯安那州立大学,Japan
801,梅努斯大学,Colombia
801,长崎大学,Ecuador
801,南京航空航天大学,Chile
801,西北大学,Argentina
801,波兹南生命科学大学,Uruguay
801,立命馆亚洲太平洋大学,Brazil
801,德克萨斯理工大学,Brazil
801,东京农工大学,Indonesia
801,宗座大学玻利瓦尔,Malaysia
801,旧金山基多大学,Germany
801,大西洋学院费德里科圣玛丽亚大学,Spain
801,圣安德烈斯大学,Lebanon
801,德拉共和大学（UdelaR）,India
801,圣卡塔琳娜州联邦大学,United Arab Emirates
801,德巴西利亚大学,India
801,布拉维亚大学,Latvia
801,马来西亚拉曼大学,United States
801,杜塞尔多夫大学,Hungary
801,阿利坎特大学,Italy
801,巴拉曼大学,Philippines
801,加尔各答大学,Canada
801,迪拜大学,Italy
801,海得拉巴大学,Lithuania
801,拉脱维亚大学,Lithuania
801,马萨诸塞大学，波士顿,Japan
851,佩奇大学,Ethiopia
851,萨莱诺大学,China (Mainland)
851,圣托马斯大学（菲律宾）,France
851,舍布鲁克大学,Italy
851,维罗纳大学,South Korea
851,维尔纽斯Gediminas技术大学,South Korea
851,维陶塔斯·马格纳斯大学,United States
851,横滨市立大学,Poland
851,Addis Ababa University,United States
851,北京邮电大学,Kuwait
851,CY塞尔吉-巴黎大学,China (Mainland)
851,卡塔尼亚大学,Japan
851,全南国立大学,United States
851,忠南国立大学,Kazakhstan
851,克莱蒙森大学,Saudi Arabia
851,格但斯克理工大学,Kuwait
851,佐治亚州立大学,Kyrgyzstan
851,海湾大学科技（GUST）,United Kingdom
851,华中农业大学,United States
851,金泽大学,Russia
851,堪萨斯州立大学,Japan
851,卡拉甘达州立大学E.Buketov,Bangladesh
851,费萨尔国王大学,United States
851,科威特大学,Slovakia
851,吉尔吉斯-土耳其玛纳斯大学,United Kingdom
851,伦敦南岸大学,Canada
851,密歇根理工大学,Russia
851,车尔尼雪夫斯基的萨拉托夫州立大学,Germany
851,新泻大学,Ireland
851,南北大学,Uruguay
851,俄克拉荷马州立大学,Cuba
851,Pavol Josef Safarik大学,Argentina
851,玛格丽特皇后大学,Mexico
851,瑞尔森大学,Italy
851,南联邦大学,France
851,多特蒙德工业大学,Romania
851,都柏林理工学院,United Kingdom
851,乌拉圭天主教大学,United Kingdom
851,拉斯维亚斯马尔塔·阿布瑞尤中央大学,United Kingdom
851,托尔夸托迪特利亚大学,Malta
851,瓜达拉哈拉大学（UDG）,Slovenia
851,费拉拉大学大学,Italy
851,巴黎第二大学,Italy
851,布加勒斯特大学,Italy
851,东伦敦大学,United Kingdom
851,赫特福德大学,South Africa
851,林肯大学,India
851,马耳他大学,United States
851,马里博尔大学,United States
851,墨西拿大学,China (Mainland)
901,巴勒莫大学,Poland
901,帕尔马大学,Egypt
901,索尔福德大学,Turkey
901,University of South Africa,Taiwan
901,维多利亚大学,Greece
901,Wesleyan University,China (Mainland)
901,伍斯特理工学院,United States
901,武汉理工大学,Kazakhstan
901,波兰克拉科夫AGH科技大学,China (Mainland)
901,亚历山大大学,South Korea
901,安卡拉大学,Japan
901,亚洲台湾大学,United Kingdom
901,雅典经商大学,United States
901,北京交通大学,Czech Republic
901,威廉玛丽学院,Taiwan
901,D. Serikbayev东哈萨克斯坦技术大学,Ukraine
901,东华大学,Poland
901,翰林大学,Saudi Arabia
901,熊本大学,Lebanon
901,伦敦都会大学,China (Mainland)
901,芝加哥洛约拉大学,Japan
901,孟德尔大学,Ecuador
901,国立中正大学,Thailand
901,国立技术大学“哈尔科夫理工学院”,Jordan
901,尼古拉哥白尼大学,Saudi Arabia
901,北部边界大学,South Africa
901,巴黎圣母院大学卢瓦兹分校,Latvia
901,中国海洋大学,United Kingdom
901,冈山大学,Kazakhstan
901,厄瓜多尔天主教大学,Russia
901,宋卡王子大学,Japan
901,苏马亚公学技术大学,United States
901,卡西姆大学,South Korea
901,罗德斯大学,Mexico
901,里加斯特拉斯大学,Colombia
901,罗伯特戈顿大学,Peru
901,哈萨克斯坦国立医科大学,Portugal
901,萨马拉国立航空航天大学,Spain
901,上智大学,United States
901,圣路易斯大学,United Kingdom
901,诚信女子大学,United States
901,自治城市大学（UAM）,Spain
901,ICEI大学,India
901,圣马科斯国立大学,United States
901,葡萄牙天主大学,Poland
901,维戈大学,Italy
901,阿拉巴马大学，伯明翰大学,United States
901,中央兰开夏大学,Poland
951,丹佛大学,Germany
951,穆尔西亚大学,India
951,石油与能源研究大学 (UPES),United States
951,佛蒙特大学,Japan
951,弗罗茨瓦夫大学,Japan
951,罗马帝国大学,United States
951,西弗吉尼亚大学,Saudi Arabia
951,弗罗茨瓦夫理工大学,India
951,比勒费尔德大学,Thailand
951,伯拉科技学院,Thailand
951,乔治·梅森大学,Ukraine
951,岐阜大学,Uganda
951,群马大学,India
951,印第安纳大学与普渡大学印第安纳波利斯联合分校,Kazakhstan
951,麦地那伊斯兰大学,China (Mainland)
951,印度国立伊斯兰大学,India
951,孔敬大学,Russia
951,蒙古特国王理工大学,"Iran, Islamic Republic of"
951,利沃夫理工大学,Russia
951,马克雷雷大学,Ukraine
951,马尼拉大学,Costa Rica
951,KIMEP大学,India
951,西北农林科技大学,United States
951,金达尔环球大学,Japan
951,圣彼得堡电工大学,Poland
951,德黑兰沙希德·贝什蒂大学,Chile
951,南乌拉尔国立大学,Argentina
951,苏梅州立大学,Peru
951,哥斯达黎加技术学院,Argentina
951,塔帕尔大学,Peru
951,阿拉巴马大学,Spain
951,东京都大学,Venezuela
951,格但斯克大学,Panama
951,迭戈波塔利斯大学,Spain
951,科尔多瓦国立大学,Spain
951,国立国立大学,Mexico
951,罗萨里奥国立大学,Chile
951,卡耶塔诺·埃雷迪亚大学,Malaysia
951,胡安卡洛斯国王大学,Iraq
951,委内瑞拉西蒙·博利瓦尔大学,Bahrain
951,巴拿马大学（UTP）,Italy
951,卡斯蒂利亚 - 拉曼恰大学,Ghana
951,巴利亚多利德大学,Poland
951,拉斯美洲普埃布拉大学（UDLAP）,Australia
951,洛斯安第斯大学智利,Pakistan
951,Pendidikan苏丹伊德里斯大学（UPSI）,South Korea
951,巴格达大学,South Africa
951,巴林大学,France
951,卡拉布里亚大学,Tunisia
951,加纳大学,Vietnam
951,罗兹大学,Vietnam
951,新英格兰大学,South Korea
951,巴基斯坦白沙瓦大学,Turkey
951,首尔市立大学,Japan
1001,西开普大学,"Palestinian Territory, Occupied"
1001,图卢兹第一大学,India
1001,突尼斯萨尔瓦多马纳尔大学,India
1001,胡志明市国家大学,India
1001,越南河内国家大学,"Palestinian Territory, Occupied"
1001,岭南大学,Egypt
1001,伊尔第兹技术大学,Egypt
1001,横滨国立大学,Azerbaijan
1001,圣城大学耶路撒冷的阿拉伯大学,Bangladesh
1001,阿里格尔穆斯林大学,Azerbaijan
1001,爱美大学,India
1001,阿米里大学,United States
1001,安纳哈大学,China (Mainland)
1001,阿拉伯科学技术和海运学院,China (Mainland)
1001,艾斯尤特大学,Indonesia
1001,阿塞拜疆国立经济大学,United States
1001,布拉克大学,United Kingdom
1001,巴库州立大学,United States
1001,班纳拉斯印度大学,United Kingdom
1001,贝勒大学,Taiwan
1001,北京外国语大学,Taiwan
1001,北京中医药大学,South Korea
1001,建国大学（BINUS）,Hungary
1001,纽约州立大学宾厄姆顿大学,Poland
1001,伯明翰城市大学,South Korea
1001,杨百翰大学,Japan
1001,坎特伯雷基督教大学,Turkey
1001,长荣大学,Ecuador
1001,中原基督教大学,Ecuador
1001,忠北国立大学,"Iran, Islamic Republic of"
1001,布达佩斯科维纳斯大学,Russia
1001,理工大学，克拉科夫,United States
1001,檀国大学,Spain
1001,同志社大学,Egypt
1001,爱琴海大学,Turkey
1001,国立理工学院,Jordan
1001,高等政治学院（ESPOL）,United Kingdom
1001,马什哈德菲尔多西大学,China (Mainland)
1001,俄罗斯联邦政府金融大学,United Kingdom
1001,福坦莫大学,United States
1001,Universidad CEU San Pablo ,Hungary
1001,未来大学 - 埃及,Mexico
1001,加兹大学,Saudi Arabia
1001,德国约旦大学,Dominican Republic
1001,格拉斯哥卡利多尼安大学,Japan
1001,哈尔滨工程大学,China (Mainland)
1001,哈珀亚当斯大学学院,Japan
1001,霍华德大学,South Korea
1001,匈牙利农业与生命科学大学,Kazakhstan
1001,瓜达拉哈拉耶稣会大学 ITESO,Kazakhstan
1001,伊玛目穆罕默德·本·沙特伊斯兰大学,Russia
1001,INTEC大学,United States
1001,国际基督教大学,South Korea
1001,江南大学,Japan
1001,鹿儿岛大学,Japan
1001,江原大学,United Kingdom
1001,哈萨克斯坦Ablai汗国际关系与世界语言大学,Russia
1001,哈萨克斯坦英国技术大学,Poland
1001,喀山国立研究理工大学,Egypt
1001,肯特州立大学,Japan
1001,国民大学,United States
1001,京都工艺纤维大学,Malaysia
1001,九州工业大学,Iraq
1001,利兹贝克特大学,Jordan
1001,下诺夫哥罗德国立大学,Lithuania
1001,罗兹技术大学,China (Mainland)
1001,曼苏拉大学,Ukraine
1001,明治大学,United States
1001,密西西比州立大学,China (Mainland)
1001,多媒体大学（MMU）,Russia
1001,穆斯林西里大学,Ukraine
1001,慕达大学,United States
1001,米科罗斯罗美斯大学,India
1001,南京师范大学,France
1001,基辅-莫伊拉学院国立大学,Brazil
1001,北亚利桑那大学,Poland
1001,西北大学（中国）,United States
1001,新西伯利亚州立技术大学,Russia
1001,Odessa I.I.Mechnikov National University,Russia
1001,俄亥俄大学,United States
1001,班贾布大学,India
1001,蒙彼利埃第三大学,South Korea
1001,圣保罗天主教大学（PUC-SP）,China (Mainland)
1001,波兹南理工大学,United Kingdom
1001,罗彻斯特理工大学 (RIT),Japan
1001,俄罗斯国家经济和公共行政学院院长,Russia
1001,圣彼得堡矿业大学,Poland
1001,圣地亚哥州立大学,Slovakia
1001,萨蒂亚巴马科技学院,South Korea
1001,国立首尔科学技术大学,United States
1001,上海外国语大学,China (Mainland)
1001,谢菲尔德哈勒姆大学,Hungary
1001,信州大学,Saudi Arabia
1001,西伯利亚联邦大学,Estonia
1001,Gliwice西里西亚理工大学,Slovakia
1001,斯洛伐克理工大学布拉迪斯拉发,Czech Republic
1001,顺天乡大学,Indonesia
1001,南卫理公会大学,Pakistan
1001,西南大学,United Kingdom
1001,塞切尼·伊什特万大学,United States
1001,泰拜大学,Japan
1001,塔林大学,Japan
1001,科希策技术大学,Czech Republic
1001,利伯雷茨技术大学,Russia
1001,工程电信学院,Chile
1001,拉合尔大学,Chile
1001,北安普顿大学,Mexico
1001,德克萨斯大学阿灵顿大学,Mexico
1001,东海大学（日本）,Mexico
1001,德岛大学,Mexico
1001,托马斯拔佳大学，兹林,Mexico
1001,乌法国家航空技术大学（USATU）,Colombia
1001,安德烈斯·贝洛大学 - UNAB,Mexico
1001,智利南方大学,Venezuela
1001,查平戈大学,Argentina
1001,瓜达拉哈拉自治大学（UAG）,Argentina
1001,新莱昂自治大学（UANL）,Paraguay
1001,伊达尔戈州自治大学,Argentina
1001,墨西哥州立自治大学,Costa Rica
1001,桑坦德工业大学,Peru
1001,拉萨尔大学（ULSA）,Argentina
1001,委内瑞拉都会大学,Spain
1001,库约国立大学,Spain
1001,圣路易斯国立大学,Peru
1001,亚松森国立大学,Venezuela
1001,布宜诺斯艾利斯大学国家中心,Mexico
1001,哥斯达黎加国立大学,Cuba
1001,秘鲁应用科技大学,Spain
1001,国立理工大学（UTN）,Puerto Rico
1001,科多瓦大学 - 西班牙大学,Chile
1001,Universidad de León ,Colombia
1001,利马大学,Peru
1001,洛斯安第斯大学梅里达,Colombia
1001,蒙特雷大学,Brazil
1001,东方古巴圣地亚哥大学,Brazil
1001,奥维耶多大学,Brazil
1001,波多黎各大学,Spain
1001,塔尔卡大学,
1001,城北大学,Indonesia
1001,太平洋大学,Indonesia
1001,山谷大学,Spain
1001,伯南布哥联邦大学,Malaysia
1001,圣卡洛斯联邦大学,Malaysia
1001,巴拉那联邦大学（UFP的）,Malaysia
1001,大学科鲁尼亚大学,Malaysia
1001,加布里埃莱·达嫩齐奥大学,Malaysia
1001,哈桑丁大学,Malaysia
1001,马凯特大学,United States
1001,莱里达大学,Sri Lanka
1001,吉隆坡大学（UniKL）,United Kingdom
1001,玻璃市马来西亚大学,Spain
1001,马来西亚沙巴大学（UMS）,Czech Republic
1001,马来西亚沙捞越大学（UNIMAS）,United States
1001,马来西亚登嘉楼大学,Greece
1001,马来西亚大学侯赛因大学（UTHM）,Pakistan
1001,阿肯色大学,United States
1001,科伦坡大学,United States
1001,德比大学,United States
1001,University of Deusto,Kenya
1001,哈拉德茨克拉洛夫大学,Italy
1001,University of Idaho ,United States
1001,University of Ioannina,United States
1001,卡拉奇大学,United States
1001,路易斯维尔大学,Serbia
1001,密西西比大学,Czech Republic
1001,密苏里大学堪萨斯城分校,Slovenia
1001,内罗毕大学,Canada
1001,帕尔特诺佩大学,United States
1001,新罕布什尔大学,United States
1001,北卡罗来纳大学夏洛特分校,Czech Republic
1001,北德克萨斯大学,United States
1001,诺维萨德大学,United States
1001,帕尔杜比采大学,United States
1001,Primorska大学,United States
1001,University of Regina,Russia
1001,罗德岛大学,United States
1001,旧金山大学,United Kingdom
1001,南波希米亚大学,United States
1001,德克萨斯大学艾尔帕索分校,South Africa
1001,德克萨斯大学圣安东尼奥分校,Australia
1001,University of Toledo,Slovakia
1001,塔尔萨大学,Italy
1001,秋明州立大学,Italy
1001,威斯康星大学密尔沃基分校,Italy
1001,伍尔弗汉普顿大学,Germany
1001,怀俄明大学,France
1001,自由州大学,France
1001,阳光海岸大学,France
1001,日利纳大学,Tunisia
1001,图西亚大学,Tunisia
1001,乌迪内大学,France
1001,University of Salento,United States
1001,锡根大学,Czech Republic
1001,里昂第二大学,Canada
1001,卡昂大学,Poland
1001,普瓦捷大学,United States
1001,斯法克斯大学,China (Mainland)
1001,苏塞大学,Japan
1001,图卢兹第二大学,Jordan
1001,犹他州立大学,Armenia
1201,俄斯特拉发技术大学,Egypt
1201,Vancouver Island University,Romania
1201,华沙生命科学大学,Turkey
1201,西密歇根大学,Japan
1201,西交利物浦大学,Indonesia
1201,山口大学,Azerbaijan
1201,耶尔穆克大学,Pakistan
1201,埃里温州立大学,Belarus
1201,阿兹哈尔大学,Mexico
1201,亚历山德鲁伊万库扎大学,"Palestinian Territory, Occupied"
1201,阿纳多卢大学,Egypt
1201,青山学院大学,Canada
1201,雅加达雅典雅加达天主教大学,United States
1201,Azerbaijan State Oil and Industry University,United States
1201,巴哈德丁扎卡里亚大学,United States
1201,白俄罗斯国立信息大学和放射性电子学系,Argentina
1201,普埃布拉自治大学,United States
1201,比尔泽特大学,Taiwan
1201,埃及不列颠大学,China (Mainland)
1201,Brock University,India
1201,CUNY The City College of New York,Bangladesh
1201,California Polytechnic State University,United States
1201,California State University - Long Beach,Bangladesh
1201,科尔多瓦天主教大学,Syrian Arab Republic
1201,Central Michigan University,Turkey
1201,朝阳科技大学,Russia
1201,中国政法大学,Bangladesh
1201,Chitkara University,Turkey
1201,吉大港工程与技术大学,Taiwan
1201,Cleveland State University,United States
1201,水仙花国际大学,Taiwan
1201,大马士革大学,Colombia
1201,杜库斯埃勒大学,Turkey
1201,唐州技术大学,Egypt
1201,东西大学,Vietnam
1201,Erciyes大学,Egypt
1201,逢甲大学,China (Mainland)
1201,佛罗里达大西洋大学,South Korea
1201,辅仁大学,United States
1201,波哥大 - 豪尔赫大学塔尔多洛扎诺大学,Pakistan
1201,GebzeYüksekTeknolojiEnstitüsü（GYTE）,Turkey
1201,德国大学，开罗,Turkey
1201,河内科技大学,Ukraine
1201,赫尔湾大学,Turkey
1201,河海大学,
1201,弘益大学,India
1201,印第安纳州立大学,South Korea
1201,伊斯兰玛巴德国际伊斯兰大学(IIU),Kenya
1201,伊斯坦布尔艾登大学,Ukraine
1201,伊斯坦布尔Bilgi大学,Bangladesh
1201,伊凡弗兰柯利沃夫国立大学,Japan
1201,伊兹密尔技术学院（IYTE）,Thailand
1201,Jahangirnagar University,Thailand
1201,贾米亚·哈姆达德，新德里,Kazakhstan
1201,济州国立大学,Japan
1201,Kenyatta University,Romania
1201,Kharkiv National University Of Radio Electronics,Kazakhstan
1201,库尔纳工程技术大学,Turkey
1201,近畿大学,United States
1201,科技曼谷北部蒙古特国王大学,Russia
1201,先皇技术学院,United States
1201,Kyzylorda州立大学,Russia
1201,关西学院大学,Japan
1201,锡比乌大学,Thailand
1201,塔拉斯州立大学命名？ Dulaty,Kazakhstan
1201,马尔马拉大学,Taiwan
1201,马凯特大学,Russia
1201,俄罗斯化工大学门捷列夫,Taiwan
1201,迈阿密大学（俄亥俄）,Taiwan
1201,莫斯科国立师范大学,Ukraine
1201,名古屋工业大学 (NIT),Pakistan
1201,那黎宣大学,Norway
1201,纳尔索兹大学,United States
1201,国立东华大学,India
1201,国家研究型大学“莫斯科动力学院”,Russia
1201,国立台北大学,India
1201,台湾海洋大学,Dominican Republic
1201,乌克兰国立生命与环境科学大学,Brazil
1201,National University of Modern Languages (NUML),United States
1201,挪威生命科学大学（UMB）,South Korea
1201,Nova Southeastern University,Japan
1201,海得拉巴奥斯曼尼亚大学,Russia
1201,彼尔姆州立大学,Russia
1201,本地治里大学,United States
1201,Madre y Maestra天主教主教大学,India
1201,里奥格兰德天主教大学,Japan
1201,波特兰州立大学,Kazakhstan
1201,釜庆大学,United States
1201,立教大学,United States
1201,俄罗斯国立农业大学,China (Mainland)
1201,俄罗斯国立人文大学RGGU,China (Mainland)
1201,"Rutgers, The State University of New Jersey, Camden",Japan
1201,SRM大学,India
1201,埼玉大学,Thailand
1201,哈萨克农业大学,South Korea
1201,San Francisco State University,South Korea
1201,西雅图大学,Romania
1201,上海师范大学,Egypt
1201,上海财经大学,Turkey
1201,芝浦工业大学,Kazakhstan
1201,Siksha 'O' Anusandhan 大学,Thailand
1201,泰国艺术大学,Taiwan
1201,淑明女子大学,Egypt
1201,崇实大学,Romania
1201,苏恰瓦大学,Poland
1201,苏伊士运河大学,Romania
1201,"Süleyman Demirel University, Turkey",Jordan
1201,Suleyman Demirel University,Russia
1201,泰国苏兰拉工业大学,Croatia
1201,台湾淡江大学,Russia
1201,坦达大学,Kazakhstan
1201,克卢日纳波卡技术大学,Romania
1201,卢布林技术大学,Taiwan
1201,格奥尔基·阿萨卡技术大学,Bangladesh
1201,哈希姆大学,Chile
1201,俄罗斯赫尔辛国立教育大学,Mexico
1201,奥西耶克大学,Mexico
1201,别尔哥罗德国立大学,Chile
1201,巴甫洛达尔国立大学,Chile
1201,罗马尼亚布拉索夫特兰西瓦大学,Chile
1201,东海大学,Ecuador
1201,联合国际大学,Bolivia
1201,阿尔贝托·赫塔多大学,Peru
1201,阿瓜斯卡连特斯自治大学,Argentina
1201,南下加利福尼亚州自治大学,Argentina
1201,贝纳多奥希金斯大学,Argentina
1201,特木科天主教大学,Argentina
1201,城北天主教大学,Argentina
1201,厄瓜多尔中央大学,Mexico
1201,圣安德烈市长大学,Peru
1201,国立农业大学,Cuba
1201,马德普拉塔国立大学,Mexico
1201,里奥夸尔托国立大学,Venezuela
1201,圣马丁全国大学（UNSAM）,Colombia
1201,国立大学,Colombia
1201,德尔滨海国立大学,Mexico
1201,普埃布拉大学,Chile
1201,洛约拉大学 (USIL),Ecuador
1201,哈瓦那科技大学,Colombia
1201,委内瑞拉大学,Panama
1201,卡拉沃沃大学,Peru
1201,卡塔赫纳大学,Guatemala
1201,科尔多瓦大学,Chile
1201,瓜纳华托大学,Ecuador
1201,拉弗龙特拉大学(UFRO),Chile
1201,美洲大学（UDLA）厄瓜多尔大学,Colombia
1201,麦德林大学,Chile
1201,巴拿马大学（UP）,Argentina
1201,德皮乌拉大学,Venezuela
1201,大学德圣卡洛斯危地马拉 - USAC,Brazil
1201,瓦尔帕莱索大学,Brazil
1201,厄瓜多尔军事理工学院,Brazil
1201,比奥比奥大学,Brazil
1201,考卡大学,Brazil
1201,德拉斯洛罗大学,Brazil
1201,萨尔瓦多大学,Brazil
1201,祖利亚大学,Brazil
1201,弗鲁米嫩塞联邦大学,Brazil
1201,巴伊亚联邦大学,Indonesia
1201,茹伊斯迪福拉联邦大学,Indonesia
1201,佩洛塔斯联邦大学,Indonesia
1201,圣玛丽亚联邦大学,Indonesia
1201,维索萨联邦大学,Romania
1201,塞阿拉联邦大学（UFC）,Malaysia
1201,麦肯齐长老会大学,Malaysia
1201,里约热内卢州立大学 (UERJ),Romania
1201,印度尼西亚伊斯兰大学,Iraq
1201,穆罕默迪亚大学,Iraq
1201,印度尼西亚教育大学,Poland
1201,北苏门答腊大学,United States
1201,蒂米什瓦拉西部大学,Iceland
1201,马来西亚伊斯兰理科大学,China (Mainland)
1201,马六甲国民技术大学马六甲国民技术大学,Sudan
1201,布加勒斯特理工大学,Iraq
1201,巴比伦大学,United States
1201,巴士拉大学,Hungary
1201,比亚韦斯托克大学,United States
1201,University of Central Oklahoma,United States
1201,University of Iceland,Serbia
1201,对外经济贸易大学,United States
1201,喀土穆大学,Czech Republic
1201,库法大学,Hungary
1201,University of Memphis,Sri Lanka
1201,米什科尔茨大学,Croatia
1201,University of Missouri Saint Louis ,Poland
1201,蒙大拿大学,Philippines
1201,尼斯大学,United States
1201,University of North Carolina at Greensboro,Bosnia and Herzegovina
1201,俄斯特拉发大学,Poland
1201,潘诺尼亚大学,United States
1201,佩拉德尼亚大学,Croatia
1201,里耶卡大学,Poland
1201,热罗姆大学,Czech Republic
1201,圣卡洛斯大学,United States
1201,圣地亚哥大学,Italy
1201,萨拉热窝大学,France
1201,西里西亚大学,Morocco
1201,南阿拉巴马大学,France
1201,斯普利特大学,
1201,University of Warmia and Mazury in Olsztyn,France
1201,西波希米亚大学,Tunisia
1201,太平洋大学（加利福尼亚）,Russia
1201,贝尔加莫大学,Indonesia
1201,里昂第三大学,South Korea
1201,穆罕默德大学 - 阿格达尔大学,Taiwan
1201,巴黎楠泰尔大学,Egypt
1201,Université de Franche-Comté,Hungary
1401,Université de Limoges,Turkey
1401,突尼斯大学,Jordan
1401,沃罗涅日州立大学,Turkey
1401,日惹州立大学,United States
1401,灵山大学,Turkey
1401,元智大学,Georgia
1401,萨格吉奇大学,India
1401,Óbuda University,United States
1401,阿克登尼兹大学,United States
1401,阿尔巴尔卡应用大学,India
1401,Ataturk University,Bangladesh
1401,California State University - Los Angeles ,Russia
1401,切库罗瓦大学,Bangladesh
1401,格鲁吉亚技术大学,Ghana
1401,因陀罗补罗湿多大学,Russia
1401,Humboldt State University,Russia
1401,Illinois State University,Japan
1401,印度统计学院,Brazil
1401,"International University of Business, Agriculture and Technology (IUBAT)",Brazil
1401,伊尔库茨克州立大学,Brazil
1401,Khulna University,
1401,Kwame Nkrumah University of Science and Technology,Turkey
1401,俄罗斯技术大学（MIREA）,
1401,莫斯科城市大学,Taiwan
1401,Nara Institute of Science and Technology,
1401,坎皮纳斯天主教大学 ,Indonesia
1401,米纳斯吉拉斯州天主教大学,Sudan
1401,巴拉那天主教大学,Greece
1401,Rajshahi University,Germany
1401,萨卡里亚大学,Germany
1401,Shahjalal University of Science and Technology,Germany
1401,东吴大学（台湾）,Australia
1401,Stamford University Bangladesh,Ecuador
1401,玛琅国立大学,Indonesia
1401,苏丹科技大学,Mexico
1401,克里特岛技术大学,Chile
1401,弗雷伯格大学技术大学,Mexico
1401,工业大学汉堡 - 哈尔堡,Mexico
1401,Technische Universität Kaiserslautern,Mexico
1401,澳洲圣母大学,Bolivia
1401,莎士比亚理工学院,Colombia
1401,乌达亚那大学,Chile
1401,尤卡坦自治大学,Ecuador
1401,智利大学,Chile
1401,克雷塔罗自治大学,Bolivia
1401,圣路易斯波托西自治大学,Mexico
1401,自治大学德尔斯卡德莫雷洛斯,Honduras
1401,玻利维亚大学,Argentina
1401,哥伦比亚天主教大学,Argentina
1401,至圣理念的天主教大学 - 加州大学圣克鲁兹分校,Argentina
1401,圣地亚哥瓜亚基尔天主教大学,Ecuador
1401,智利中央大学,Colombia
1401,圣西蒙大学科恰班巴分校,Colombia
1401,米却肯大学的圣尼古拉斯-德伊达尔戈分校,Colombia
1401,洪都拉斯国立自治大学（UNAH）,Ecuador
1401,基尔梅斯国立大学,Colombia
1401,图库曼国立大学,Chile
1401,国立大学戴尔苏尔,Colombia
1401,洛哈技术大学,Mexico
1401,玻利瓦尔技术学院,Chile
1401,佩雷拉科技大学,Colombia
1401,大学德卡尔达斯,Mexico
1401,昆卡大学,Brazil
1401,拉萨尔大学,Brazil
1401,德拉塞雷纳大学,Brazil
1401,桑坦德大学 - UDES,Brazil
1401,索诺拉大学,Brazil
1401,德塔拉帕卡大学,Brazil
1401,Magdalena大学,Brazil
1401,山谷大学墨西哥（UVM）,Brazil
1401,隆德里纳州立大学,Indonesia
1401,帕拉伊巴州联邦大学,Indonesia
1401,戈亚斯州联邦大学,Indonesia
1401,乌贝兰迪亚联邦大学,Romania
1401,里约热内卢州联邦大学 - UNIRIO,Romania
1401,帕拉州联邦大学 - 非制冷焦平面,Nigeria
1401,联邦大学北约里奥格兰德北大学,Serbia
1401,圣卡塔琳娜州立大学,Nigeria
1401,安达拉斯大学,Indonesia
1401,Petra Christian University,Indonesia
1401,梭罗大学,Romania
1401,蒂米什瓦拉理工大学,
1401,克拉约瓦大学,France
1401,伊巴丹大学,United States
1401,克拉古耶瓦茨大学,
