id,name,read,pattern,sequence,feature_type
ADT_B0001,Ms.CD4,R2,5PNNNNNNNNNN(BC),AACAAGACCCTTGAG,Antibody Capture
ADT_B0002,Ms.CD8a,R2,5PNNNNNNNNNN(BC),TACCCGTAATAGCGT,Antibody Capture
ADT_B0003,Ms.CD366,R2,5PNNNNNNNNNN(BC),ATTGGCACTCAGATG,Antibody Capture
ADT_B0004,Ms.CD279,R2,5PNNNNNNNNNN(BC),GAAAGTCAAAGCACT,Antibody Capture
ADT_B0012,Ms.CD117,R2,5PNNNNNNNNNN(BC),TGCATGTCATCGGTG,Antibody Capture
ADT_B0013,Ms.Ly.6C,R2,5PNNNNNNNNNN(BC),AAGTCGTGAGGCATG,Antibody Capture
ADT_B0014,HuMs.CD11b,R2,5PNNNNNNNNNN(BC),TGAAGGCTCATTTGT,Antibody Capture
ADT_B0015,Ms.Ly.6G,R2,5PNNNNNNNNNN(BC),ACATTGACGCAACTA,Antibody Capture
ADT_B0070,HuMs.CD49f,R2,5PNNNNNNNNNN(BC),TTCCGAGGATGATCT,Antibody Capture
ADT_B0073,HuMs.CD44,R2,5PNNNNNNNNNN(BC),TGGCTTCAGGTCCTA,Antibody Capture
ADT_B0074,Ms.CD54,R2,5PNNNNNNNNNN(BC),ATAACCGACACAGTG,Antibody Capture
ADT_B0075,Ms.CD90.2,R2,5PNNNNNNNNNN(BC),CCGATCAGCCGTTTA,Antibody Capture
ADT_B0077,Ms.CD73,R2,5PNNNNNNNNNN(BC),ACACTTAACGTCTGG,Antibody Capture
ADT_B0078,Ms.CD49d,R2,5PNNNNNNNNNN(BC),CGCTTGGACGCTTAA,Antibody Capture
ADT_B0079,Ms.CD200,R2,5PNNNNNNNNNN(BC),TCAATTCCGGTAGTC,Antibody Capture
ADT_B0090,Isotype_MOPC.21,R2,5PNNNNNNNNNN(BC),GCCGGACGACATTAA,Antibody Capture
ADT_B0091,Isotype_MOPC.173,R2,5PNNNNNNNNNN(BC),CTCCTACCTAAACTG,Antibody Capture
ADT_B0092,Isotype_MPC.11,R2,5PNNNNNNNNNN(BC),ATATGTATCACGCGA,Antibody Capture
ADT_B0093,Ms.CD19,R2,5PNNNNNNNNNN(BC),ATCAGCCATGTCAGT,Antibody Capture
ADT_B0095,Isotype_RTK4530,R2,5PNNNNNNNNNN(BC),GATTCTTGACGACCT,Antibody Capture
ADT_B0096,Ms.CD45,R2,5PNNNNNNNNNN(BC),TGGCTATGGAGCAGA,Antibody Capture
ADT_B0097,Ms.CD25,R2,5PNNNNNNNNNN(BC),ACCATGAGACACAGT,Antibody Capture
ADT_B0103,HuMs.CD45R_B220,R2,5PNNNNNNNNNN(BC),CCTACACCTCATAAT,Antibody Capture
ADT_B0105,Ms.CD115,R2,5PNNNNNNNNNN(BC),TTCCGTTGTTGTGAG,Antibody Capture
ADT_B0106,Ms.CD11c,R2,5PNNNNNNNNNN(BC),GTTATGGACGCTTGC,Antibody Capture
ADT_B0111,Ms.CD5,R2,5PNNNNNNNNNN(BC),CAGCTCAGTGTGTTG,Antibody Capture
ADT_B0112,Ms.CD62L,R2,5PNNNNNNNNNN(BC),TGGGCCTAAGTCATC,Antibody Capture
ADT_B0114,Ms.F4_80,R2,5PNNNNNNNNNN(BC),TTAACTTCAGCCCGT,Antibody Capture
ADT_B0115,Ms.FceRIa,R2,5PNNNNNNNNNN(BC),AGTCACCTCGAAGCT,Antibody Capture
ADT_B0117,Ms.I.A_I.E,R2,5PNNNNNNNNNN(BC),GGTCACCAGTATGAT,Antibody Capture
ADT_B0118,Ms.NK.1.1,R2,5PNNNNNNNNNN(BC),GTAACATTACTCGTC,Antibody Capture
ADT_B0120,Ms.TCR.Bchain,R2,5PNNNNNNNNNN(BC),TCCTATGGGACTCAG,Antibody Capture
ADT_B0130,Ms.Ly.6A_E,R2,5PNNNNNNNNNN(BC),TTCCTTTCCTACGCA,Antibody Capture
ADT_B0157,Ms.CD45.2,R2,5PNNNNNNNNNN(BC),CACCGTCATTCAACC,Antibody Capture
ADT_B0171,HuMsRt.CD278,R2,5PNNNNNNNNNN(BC),CGCGCACCCATTAAA,Antibody Capture
ADT_B0182,Ms.CD3,R2,5PNNNNNNNNNN(BC),GTATGTCCGCTCGAT,Antibody Capture
ADT_B0190,Ms.CD274,R2,5PNNNNNNNNNN(BC),TCGATTCCACCAACT,Antibody Capture
ADT_B0191,HuMsRt.CD27,R2,5PNNNNNNNNNN(BC),CAAGGTATGTCACTG,Antibody Capture
ADT_B0192,Ms.CD20,R2,5PNNNNNNNNNN(BC),TCCACTCCCTGTATA,Antibody Capture
ADT_B0193,Ms.CD357,R2,5PNNNNNNNNNN(BC),GGCACTCTGTAACAT,Antibody Capture
ADT_B0197,Ms.CD69,R2,5PNNNNNNNNNN(BC),TTGTATTCCGCCATT,Antibody Capture
ADT_B0198,Ms.CD127,R2,5PNNNNNNNNNN(BC),GTGTGAGGCACTCTT,Antibody Capture
ADT_B0200,Ms.CD86,R2,5PNNNNNNNNNN(BC),CTGGATTTGTGTATC,Antibody Capture
ADT_B0201,Ms.CD103,R2,5PNNNNNNNNNN(BC),TTCATTAGCCCGCTG,Antibody Capture
ADT_B0203,Ms.CD150,R2,5PNNNNNNNNNN(BC),CAACGCCTAGAAACC,Antibody Capture
ADT_B0211,Ms.TCR.Vg2,R2,5PNNNNNNNNNN(BC),AAGCTGCACCGTAAT,Antibody Capture
ADT_B0212,Ms.CD24,R2,5PNNNNNNNNNN(BC),TATATCTTTGCCGCA,Antibody Capture
ADT_B0214,HuMs.integrin.b7,R2,5PNNNNNNNNNN(BC),TCCTTGGATGTACCG,Antibody Capture
ADT_B0226,Ms.CD106,R2,5PNNNNNNNNNN(BC),CGTTCCTACCTACCT,Antibody Capture
ADT_B0227,Ms.CD122,R2,5PNNNNNNNNNN(BC),GGTATGCGACACTTA,Antibody Capture
ADT_B0228,Ms.CD183,R2,5PNNNNNNNNNN(BC),GTTCACGCCGTGTTA,Antibody Capture
ADT_B0230,Ms.CD8b,R2,5PNNNNNNNNNN(BC),TTCCCTCTATGGAGC,Antibody Capture
ADT_B0235,Ms.TCR.Vb8.1_8.2,R2,5PNNNNNNNNNN(BC),ACTATCCGTTGTGCT,Antibody Capture
ADT_B0236,Isotype_RTK2071,R2,5PNNNNNNNNNN(BC),ATCAGATGCCCTCAT,Antibody Capture
ADT_B0238,Isotype_RTK2758,R2,5PNNNNNNNNNN(BC),AAGTCAGGTTCGTTT,Antibody Capture
ADT_B0241,Isotype_HTK888,R2,5PNNNNNNNNNN(BC),CCTGTCATTAAGACT,Antibody Capture
ADT_B0250,HuMs.KLRG1,R2,5PNNNNNNNNNN(BC),GTAGTAGGCTAGACC,Antibody Capture
ADT_B0378,Ms.CD223,R2,5PNNNNNNNNNN(BC),ATTCCGTCCCTAAGG,Antibody Capture
ADT_B0416,Ms.CD300LG,R2,5PNNNNNNNNNN(BC),CGGTCCGTATCATTT,Antibody Capture
ADT_B0417,Ms.CD163,R2,5PNNNNNNNNNN(BC),GAGCAAGATTAAGAC,Antibody Capture
ADT_B0421,Ms.CD49b,R2,5PNNNNNNNNNN(BC),CGCGTTAGTAGAGTC,Antibody Capture
ADT_B0422,Ms.CD172a,R2,5PNNNNNNNNNN(BC),GATTCCCTTGTAGCA,Antibody Capture
ADT_B0429,Ms.CD48,R2,5PNNNNNNNNNN(BC),AGAACCGCCGTAGTT,Antibody Capture
ADT_B0431,Ms.CD170,R2,5PNNNNNNNNNN(BC),TCAATCTCCGTCGCT,Antibody Capture
ADT_B0440,Ms.CD169,R2,5PNNNNNNNNNN(BC),ATTGACGACAGTCAT,Antibody Capture
ADT_B0443,Ms.CD41,R2,5PNNNNNNNNNN(BC),ACTTGGATGGACACT,Antibody Capture
ADT_B0552,Ms.CD304,R2,5PNNNNNNNNNN(BC),CCAGCTCATTCAACG,Antibody Capture
ADT_B0555,Ms.CD36,R2,5PNNNNNNNNNN(BC),TTTGCCGCTACGACA,Antibody Capture
ADT_B0557,Ms.CD38,R2,5PNNNNNNNNNN(BC),CGTATCCGTCTCCTA,Antibody Capture
ADT_B0558,Ms.CD55,R2,5PNNNNNNNNNN(BC),ATTGTTGTCAGACCA,Antibody Capture
ADT_B0559,Ms.CD63,R2,5PNNNNNNNNNN(BC),ATCCGACACGTATTA,Antibody Capture
ADT_B0560,Ms.CD68,R2,5PNNNNNNNNNN(BC),CTTTCTTTCACGGGA,Antibody Capture
ADT_B0561,Ms.CD79b,R2,5PNNNNNNNNNN(BC),TAACTCAGTGCGAGT,Antibody Capture
ADT_B0563,Ms.CX3CR1,R2,5PNNNNNNNNNN(BC),CACTCTCAGTCCTAT,Antibody Capture
ADT_B0565,Ms.MERTK,R2,5PNNNNNNNNNN(BC),AGTAGAGCAACTCGT,Antibody Capture
ADT_B0566,Ms.CD301b,R2,5PNNNNNNNNNN(BC),CTTGCCTTGCGATTT,Antibody Capture
ADT_B0567,Ms.Tim.4,R2,5PNNNNNNNNNN(BC),TGCTGGAGGGTATTC,Antibody Capture
ADT_B0568,MsRt.XCR1,R2,5PNNNNNNNNNN(BC),TCCATTACCCACGTT,Antibody Capture
ADT_B0571,Ms.IgD,R2,5PNNNNNNNNNN(BC),TCATATCCGTTGTCC,Antibody Capture
ADT_B0595,Ms.CD11a,R2,5PNNNNNNNNNN(BC),AGAGTCTCCCTTTAG,Antibody Capture
ADT_B0810,Ms.CD138,R2,5PNNNNNNNNNN(BC),GCGTTTGTATGTACT,Antibody Capture
ADT_B0811,Ms.CD317,R2,5PNNNNNNNNNN(BC),TGTGGTAGCCCTTGT,Antibody Capture
ADT_B0813,Ms.CD9,R2,5PNNNNNNNNNN(BC),TAGCAGTCACTCCTA,Antibody Capture
ADT_B0823,Ms.CD34_SA376A4,R2,5PNNNNNNNNNN(BC),AAACTCAGGTCCTTC,Antibody Capture
ADT_B0825,Ms.CD371,R2,5PNNNNNNNNNN(BC),GCGAGAAATCTGCAT,Antibody Capture
ADT_B0827,Ms.CD22,R2,5PNNNNNNNNNN(BC),AGGTCCTCTCTGGAT,Antibody Capture
ADT_B0839,Ms.Ly49H,R2,5PNNNNNNNNNN(BC),CCAGTAGGCTTATTA,Antibody Capture
ADT_B0841,Ms.Ly49D,R2,5PNNNNNNNNNN(BC),TATATCCCTCAACGC,Antibody Capture
ADT_B0842,Ms.Ly.49A,R2,5PNNNNNNNNNN(BC),AATTCCGTCAGATGA,Antibody Capture
ADT_B0846,Ms.CD185,R2,5PNNNNNNNNNN(BC),ACGTAGTCACCTAGT,Antibody Capture
ADT_B0850,Ms.CD49a,R2,5PNNNNNNNNNN(BC),CCATTCATTTGTGGC,Antibody Capture
ADT_B0851,Ms.CD1d,R2,5PNNNNNNNNNN(BC),CAACTTGGCCGAATC,Antibody Capture
ADT_B0854,Ms.CD199,R2,5PNNNNNNNNNN(BC),CCCTCTGGTATGGTT,Antibody Capture
ADT_B0903,Ms.CD40,R2,5PNNNNNNNNNN(BC),ATTTGTATGCTGGAG,Antibody Capture
ADT_B0904,Ms.CD31,R2,5PNNNNNNNNNN(BC),GCTGTAGTATCATGT,Antibody Capture
ADT_B0905,Ms.CD107a,R2,5PNNNNNNNNNN(BC),AAATCTGTGCCGTAC,Antibody Capture
ADT_B0909,Ms.CD182,R2,5PNNNNNNNNNN(BC),TTTCCTTGTAGAGCG,Antibody Capture
ADT_B0910,MsRt.CD61,R2,5PNNNNNNNNNN(BC),TTCTTTACCCGCCTG,Antibody Capture
ADT_B0930,Ms.Ly108,R2,5PNNNNNNNNNN(BC),CGATTCTTTGCGAGT,Antibody Capture
ADT_B0989,Ms.CD98,R2,5PNNNNNNNNNN(BC),TCCTTCCTTTGTAGC,Antibody Capture
ADT_B1032,Ms.CD210,R2,5PNNNNNNNNNN(BC),CACCAACGCTTCAAG,Antibody Capture
ADT_B1042,Ms.CD88,R2,5PNNNNNNNNNN(BC),GCAGTCCTACATTGA,Antibody Capture
HTO_B0301,Ms.Hashtag_1,R2,5PNNNNNNNNNN(BC),ACCCACCAGTAAGAC,Antibody Capture
HTO_B0302,Ms.Hashtag_2,R2,5PNNNNNNNNNN(BC),GGTCGAGAGCATTCA,Antibody Capture
HTO_B0303,Ms.Hashtag_3,R2,5PNNNNNNNNNN(BC),CTTGCCGCATGTCAT,Antibody Capture
HTO_B0304,Ms.Hashtag_4,R2,5PNNNNNNNNNN(BC),AAAGCATTCTTCACG,Antibody Capture
HTO_B0305,Ms.Hashtag_5,R2,5PNNNNNNNNNN(BC),CTTTGTCTTTGTGAG,Antibody Capture
HTO_B0306,Ms.Hashtag_6,R2,5PNNNNNNNNNN(BC),TATGCTGCCACGGTA,Antibody Capture
HTO_B0307,Ms.Hashtag_7,R2,5PNNNNNNNNNN(BC),GAGTCTGCCAGTATC,Antibody Capture
HTO_B0308,Ms.Hashtag_8,R2,5PNNNNNNNNNN(BC),TATAGAACGCCAGGC,Antibody Capture
HTO_B0309,Ms.Hashtag_9,R2,5PNNNNNNNNNN(BC),TGCCTATGAAACAAG,Antibody Capture
HTO_B0310,Ms.Hashtag_10,R2,5PNNNNNNNNNN(BC),CCGATTGTAACAGAC,Antibody Capture
HTO_B0311,Ms.Hashtag_11,R2,5PNNNNNNNNNN(BC),GCTTACCGAATTAAC,Antibody Capture
HTO_B0312,Ms.Hashtag_12,R2,5PNNNNNNNNNN(BC),CTGCAAATATAACGG,Antibody Capture
HTO_B0313,Ms.Hashtag_13,R2,5PNNNNNNNNNN(BC),CTACATTGCGATTTG,Antibody Capture
HTO_B0314,Ms.Hashtag_14,R2,5PNNNNNNNNNN(BC),CTTTCGCCAACTCTG,Antibody Capture
HTO_B0315,Ms.Hashtag_15,R2,5PNNNNNNNNNN(BC),CCCTCTCTGGATTCT,Antibody Capture
HTO_B0316,Mu.Hashtag_16,R2,5PNNNNNNNNNN(BC),GATGTATCCGTTGTC,Antibody Capture
HTO_B0317,Mu.Hashtag_17,R2,5PNNNNNNNNNN(BC),CTGCCGTTGTGCTAT,Antibody Capture
HTO_B0318,Mu.Hashtag_18,R2,5PNNNNNNNNNN(BC),GAATTAAGAGCCGGA,Antibody Capture
HTO_B0321,Mu.Hashtag_21,R2,5PNNNNNNNNNN(BC),CTTTAGTTCGTTGTG,Antibody Capture
HTO_B0322,Mu.Hashtag_22,R2,5PNNNNNNNNNN(BC),GTGTTGTTCCCACAT,Antibody Capture
HTO_B0323,Mu.Hashtag_23,R2,5PNNNNNNNNNN(BC),TTATTGGGCCGTATC,Antibody Capture
HTO_B0324,Mu.Hashtag_24,R2,5PNNNNNNNNNN(BC),GCTGGAGTATATCCG,Antibody Capture
HTO_B0325,Mu.Hashtag_19,R2,5PNNNNNNNNNN(BC),GAATTAGCTGTGCAA,Antibody Capture
HTO_B0326,Mu.Hashtag_20,R2,5PNNNNNNNNNN(BC),CAAGTATCTGCCGTG,Antibody Capture